{
  "meta": {
    "material": "NeoHookean",
    "damage_model": "AT2",
    "mu": 1.0,
    "base_A": 0.25,
    "base_B": 1.0,
    "base_ell_over_A": 1.0,
    "base_C_Gc_over_mu_ell": 20.0,
    "phase_diagram_type": "Gc_over_mu_ell",
    "x_axis_key": "Gc_over_mu_ell",
    "boundary_condition": "Neumann",
    "modes": [
      2,
      3,
      4,
      5,
      6
    ]
  },
  "data": {
    "n=2": {
      "Gc_over_mu_ell": [
        0.1,
        0.15848931924611134,
        0.251188643150958,
        0.3981071705534973,
        0.6309573444801934,
        1.0,
        1.584893192461114,
        2.511886431509581,
        3.981071705534973
      ],
      "lambda_a_crit": [
        1.3323673818122839,
        1.4136263765103034,
        1.514198286818434,
        1.6384214121272482,
        1.7927584939233643,
        1.986492728044328,
        2.2340099929407446,
        2.561133176060544,
        3.0418513738667454
      ],
      "lambda_b_crit": [
        1.0239385613928857,
        1.0307260648556693,
        1.0396152068134357,
        1.0513213330054305,
        1.0669460804538802,
        1.0881794819379809,
        1.1177768294856285,
        1.160802608799133,
        1.2311798147685162
      ],
      "P_over_mu_crit": [
        0.20877830439223038,
        0.2517002711079336,
        0.30086352813197487,
        0.3561721955465895,
        0.416877428553081,
        0.48142295465132906,
        0.5470562594460207,
        0.6088452267832267,
        0.653461063918702
      ]
    },
    "n=3": {
      "Gc_over_mu_ell": [
        0.1,
        0.15848931924611134,
        0.251188643150958,
        0.3981071705534973,
        0.6309573444801934,
        1.0,
        1.584893192461114,
        2.511886431509581,
        3.981071705534973,
        6.309573444801933,
        10.0,
        15.848931924611142,
        25.11886431509582,
        39.810717055349734
      ],
      "lambda_a_crit": [
        1.4646375422444695,
        1.5674200252062438,
        1.6885074740019055,
        1.8298318756632377,
        1.993318086521485,
        2.1811408167496857,
        2.394637313526349,
        2.6351761668724962,
        2.902976604273939,
        3.1976131489200568,
        3.5204101682647315,
        3.88022734384016,
        4.310780450607945,
        5.022024002635606
      ],
      "lambda_b_crit": [
        1.0351679552780289,
        1.0445335542545278,
        1.0562627954775357,
        1.0708724449366402,
        1.0889592793710676,
        1.1112317282663045,
        1.138372957979191,
        1.1711146781606407,
        1.2100432111334354,
        1.2556056768086676,
        1.3084649343988386,
        1.370587561957573,
        1.4487673228762366,
        1.5854952909707773
      ],
      "P_over_mu_crit": [
        0.17532923977283746,
        0.21355237462089863,
        0.2586616694049241,
        0.3112156737695216,
        0.3714870365725538,
        0.4392647237946182,
        0.5139868471101877,
        0.5944387823924906,
        0.6789770066369856,
        0.7654526656002638,
        0.8510566330828725,
        0.9322315211389925,
        1.0042564329135053,
        1.0516246294222062
      ]
    },
    "n=4": {
      "Gc_over_mu_ell": [
        0.1,
        0.15848931924611134,
        0.251188643150958,
        0.3981071705534973,
        0.6309573444801934,
        1.0,
        1.584893192461114,
        2.511886431509581,
        3.981071705534973,
        6.309573444801933,
        10.0,
        15.848931924611142,
        25.11886431509582,
        39.810717055349734,
        63.095734448019364,
        100.0,
        158.48931924611142,
        251.18864315095823,
        398.1071705534973,
        630.9573444801937,
        1000.0
      ],
      "lambda_a_crit": [
        1.5812572939916707,
        1.703595521568499,
        1.844713127969969,
        2.005219880839517,
        2.185611713472635,
        2.3855521852058725,
        2.604737140179135,
        2.841974572395552,
        3.0949159569549427,
        3.359505926550267,
        3.6307182773067166,
        3.9027855012124184,
        4.170040108694075,
        4.427439101301613,
        4.6706998157254835,
        4.896791250722638,
        5.1034126680049505,
        5.2896456934118135,
        5.455522850547366,
        5.602391475499928,
        5.73259976159964
      ],
      "lambda_b_crit": [
        1.0458362273141126,
        1.0577759008028427,
        1.0724669728162013,
        1.090324113810718,
        1.1117806259012157,
        1.1371801536129982,
        1.1668508786855698,
        1.200958457601232,
        1.239417826557451,
        1.2817536832043426,
        1.3271707503456613,
        1.3745848161461762,
        1.4227885144171397,
        1.470591228803369,
        1.5168931399537113,
        1.5608203883125409,
        1.6016558006472825,
        1.638985043438281,
        1.6726238663557265,
        1.7026962119817914,
        1.729571840562937
      ],
      "P_over_mu_crit": [
        0.14729575889501345,
        0.18050718996559625,
        0.22055077862368583,
        0.2685091007716327,
        0.325287731996981,
        0.3915707782492227,
        0.46734781398353314,
        0.5518485486105174,
        0.643375758718948,
        0.7393161971864528,
        0.8361274793361378,
        0.9297674328267831,
        1.0163044963304866,
        1.0926448637087633,
        1.1570405026833561,
        1.2091623097729713,
        1.2498521047693756,
        1.2806581764163305,
        1.303412910135513,
        1.3199138599371993,
        1.331743638501266
      ]
    },
    "n=5": {
      "Gc_over_mu_ell": [
        0.1,
        0.15848931924611134,
        0.251188643150958,
        0.3981071705534973,
        0.6309573444801934,
        1.0,
        1.584893192461114,
        2.511886431509581,
        3.981071705534973,
        6.309573444801933,
        10.0,
        15.848931924611142,
        25.11886431509582,
        39.810717055349734,
        63.095734448019364,
        100.0,
        158.48931924611142,
        251.18864315095823,
        398.1071705534973,
        630.9573444801937,
        1000.0
      ],
      "lambda_a_crit": [
        1.6826275533321347,
        1.824858415087735,
        1.9880274366059365,
        2.1718829493388885,
        2.3753654376618174,
        2.5972259700307956,
        2.8357172729641515,
        3.088887321273956,
        3.3535236914416635,
        3.62527657252188,
        3.8981343461705156,
        4.164875227701611,
        4.417644338619935,
        4.648618151774812,
        4.8512629593230345,
        5.021138089523945,
        5.156522555962308,
        5.25937282558841,
        5.334067297594238,
        5.386105302706852,
        5.421399090079032
      ],
      "lambda_b_crit": [
        1.0556761897959195,
        1.0703418914976572,
        1.088354637994263,
        1.110097843256085,
        1.1358466270374687,
        1.1658039806128004,
        1.2000336571370416,
        1.2384775150241676,
        1.2807742079758955,
        1.3262406980653056,
        1.3737596992558923,
        1.4218426790243563,
        1.4687490745218523,
        1.5126477349545537,
        1.5519091528762985,
        1.5853199147582993,
        1.6122524009547181,
        1.6328847655020282,
        1.647958470639967,
        1.6585032848144827,
        1.6656749400376294
      ],
      "P_over_mu_crit": [
        0.12667758999373305,
        0.15507711941264,
        0.18960335894976021,
        0.23161245214767856,
        0.28259470980745754,
        0.34385190138851845,
        0.4162357643911263,
        0.4996619948126547,
        0.5929161138787762,
        0.693350525639263,
        0.7970225253341792,
        0.899063686539008,
        0.9944569975926096,
        1.0789841642997982,
        1.1499493570720816,
        1.2065011636523648,
        1.249427132719401,
        1.280611470614583,
        1.302435825643795,
        1.3172544314187768,
        1.3270888757214685
      ]
    },